id,Project_Name,Preferred_Industry,Start_Date,End_Date,Location	,Difficulty,Description	,Required_Skill1,Required_Skill2,Required_Skill3
1,E-commerce Personalization Engine,Insurance,5/30/2022,7/14/2022,Austin,easy,business process reengineering,Technical Writing,ETL Processes,Power BI
2,Talent Acquisition System,HealthTech,7/3/2022,10/16/2022,Toronto,hard,risk analysis,Communication,UX/UI Design,React
3,Cross-Border Tax Strategy,Architecture,4/9/2022,10/31/2022,Austin,medium,AI-based solution,Data Analysis,Technical Writing,Cloud Computing
4,Digital Transformation Roadmap,Venture Capital,9/10/2022,5/9/2022,Vienna,expert,market analysis,Negotiation,Natural Language Processing (NLP),Supply Chain Management
5,Operational Cost Reduction Plan,Government,6/11/2022,6/29/2022,Frankfurt,hard,risk analysis,JavaScript,Mobile App Development,Statistical Analysis
6,Risk Modeling for Insurance,Finance,1/4/2022,3/3/2022,Vancouver,medium,trade compliance audit,Database Management,Data Analysis,Negotiation
7,Predictive Analytics Implementation,Media and Entertainment,12/25/2022,2/11/2022,Madrid,medium,AI-based solution,Communication,Blockchain,SAP ERP
8,Financial Forecasting Model,Education,2/13/2022,4/9/2022,Chicago,medium,inventory management system,Presentation Skills,Mobile App Development,SQL
9,Retail Demand Forecasting,Automotive,12/5/2022,6/19/2022,Stockholm,expert,chatbot development,Budget Management,DevOps,Artificial Intelligence (AI)
10,Enterprise Data Warehouse,Fashion,5/26/2022,7/25/2022,San Francisco,medium,CRM implementation,Natural Language Processing (NLP),UX/UI Design,Financial Modeling
11,Competitive Market Analysis,Travel and Tourism,2/4/2022,10/1/2022,Vienna,hard,business process reengineering,Conflict Resolution,Marketing Strategy,R Programming
12,E-commerce Personalization Engine,Law,9/6/2022,9/1/2022,Boston,hard,employee performance analysis,Web Development,Tableau,Change Management
13,Sales Pipeline Optimization,Venture Capital,2/4/2022,10/20/2022,Melbourne,medium,AI-based solution,Data Analysis,Tableau,AWS
14,Machine Learning Model Development,Agriculture,5/22/2022,5/31/2022,Los Angeles,medium,claims processing automation,Python,Blockchain,Database Management
15,Operational Cost Reduction Plan,Venture Capital,11/16/2022,11/6/2022,Boston,medium,risk analysis,Stakeholder Management,AWS,JavaScript
16,Employee Performance Analysis,Transportation,3/22/2022,1/3/2022,Montreal,expert,AI-based solution,Negotiation,Cost Optimization,SEO (Search Engine Optimization)
17,Retail Demand Forecasting,Construction,2/22/2022,1/17/2022,San Francisco,hard,chatbot development,Statistical Analysis,Agile Methodologies,Risk Assessment
18,CRM Implementation,Oil and Gas,1/23/2022,3/6/2022,Tokyo,medium,real estate management system,Statistical Analysis,AWS,Web Development
19,Client Engagement Platform,Real Estate,8/10/2022,2/16/2022,Rome,medium,claims processing automation,DevOps,Technical Writing,Budget Management
20,Omnichannel Marketing Strategy,Energy and Utilities,3/19/2022,9/19/2022,Tokyo,easy,claims processing automation,UX/UI Design,Google Analytics,React
21,Business Process Reengineering,Biotechnology,12/7/2022,12/18/2022,Jakarta,hard,AI-based solution,Statistical Analysis,Presentation Skills,Conflict Resolution
22,AI Implementation for Retail,Education,7/6/2022,12/10/2022,Tokyo,hard,employee performance analysis,Google Analytics,Change Management,React
23,Customer Support Chatbot,Research and Development,12/12/2022,8/21/2022,Berlin,expert,blockchain solution,Data Visualization,Risk Assessment,Statistical Analysis
24,Retail Demand Forecasting,EduTech,8/18/2022,2/13/2022,Vienna,expert,risk analysis,Artificial Intelligence (AI),Technical Writing,CRM Platforms
25,Inventory Management System,Public Sector,5/4/2022,12/16/2022,Boston,hard,KPI dashboard,Cloud Computing,Marketing Strategy,Process Improvement
26,Energy Consumption Optimization,Gaming,3/25/2022,1/24/2022,Los Angeles,medium,energy consumption analysis,Artificial Intelligence (AI),Communication,Agile Methodologies
27,E-commerce Personalization Engine,Agriculture,3/30/2022,5/2/2022,Singapore,expert,chatbot development,Communication,Project Management,Leadership
28,Trade Compliance Audit,Oil and Gas,12/17/2022,12/2/2022,Dublin,medium,talent acquisition strategy,Blockchain,Conflict Resolution,Web Development
29,Predictive Analytics Implementation,Sports and Fitness,7/28/2022,2/7/2022,Madrid,hard,KPI dashboard,Tableau,Communication,Statistical Analysis
30,Cloud-Based Collaboration Platform,Hospitality,9/13/2022,6/18/2022,Chicago,expert,inventory management system,Change Management,Machine Learning,Artificial Intelligence (AI)
31,Business Process Reengineering,Management Consulting,9/3/2022,11/14/2022,Kuala Lumpur,expert,claims processing automation,R Programming,Adobe Creative Suite,Cybersecurity
32,Customer Lifetime Value Analysis,Government,4/3/2022,6/16/2022,Hybrid,expert,talent acquisition strategy,Technical Writing,Negotiation,JavaScript
33,IT Infrastructure Modernization,Gaming,10/17/2022,8/19/2022,Dubai,medium,KPI dashboard,Project Management,Presentation Skills,Data Analysis
34,Social Media Analytics Tool,Telecommunications,11/30/2022,9/1/2022,Tokyo,medium,digital transformation roadmap,Change Management,Supply Chain Management,R Programming
35,Financial Risk Mitigation Strategy,HealthTech,1/17/2022,3/18/2022,Onsite,expert,cybersecurity audit,Stakeholder Management,Project Management,Blockchain
36,Supply Chain Optimization,E-commerce,3/10/2022,3/3/2022,Washington DC,hard,tax strategy optimization,Agile Methodologies,Database Management,Marketing Strategy
37,Financial Forecasting Model,Consumer Goods,10/25/2022,8/2/2022,Zurich,easy,data warehouse,Database Management,Artificial Intelligence (AI),Cybersecurity
38,Customer Lifetime Value Analysis,Education,5/21/2022,3/7/2022,New York,medium,business process reengineering,Cloud Computing,Strategic Thinking,CRM Platforms
39,Cross-Border Tax Strategy,Gaming,7/11/2022,9/21/2022,Onsite,easy,pricing strategy development,Salesforce,SEO (Search Engine Optimization),Negotiation
40,E-commerce Personalization Engine,PropTech,8/29/2022,4/3/2022,San Francisco,easy,market analysis,Mobile App Development,SAS,Product Management
41,KPI Reporting System,Fashion,6/1/2022,3/3/2022,Singapore,expert,energy consumption analysis,Change Management,Marketing Strategy,ETL Processes
42,IT Infrastructure Modernization,PropTech,9/24/2022,4/14/2022,Melbourne,expert,predictive analytics tool,Process Improvement,Docker,Database Management
43,Risk Modeling for Insurance,Telecommunications,7/30/2022,8/7/2022,Onsite,easy,real estate management system,Strategic Thinking,SAP ERP,Kubernetes
44,CRM Implementation,Research and Development,3/21/2022,9/5/2022,Remote,medium,KPI dashboard,Node.js,Financial Modeling,ETL Processes
45,Pricing Strategy Development,Construction,5/16/2022,3/24/2022,Jakarta,expert,CRM implementation,Communication,Adobe Creative Suite,Tableau
46,Cybersecurity Risk Audit,Hospitality,7/27/2022,7/4/2022,Lisbon,hard,real estate management system,Salesforce,Google Analytics,Strategic Planning
47,Talent Acquisition System,Software Engineering,6/25/2022,4/29/2022,Atlanta,medium,CRM implementation,Budget Management,Project Management,Presentation Skills
48,Cybersecurity Risk Audit,Startups,8/11/2022,8/19/2022,Brussels,expert,CRM implementation,Stakeholder Management,AWS,Salesforce
49,Energy Consumption Optimization,Law,2/22/2022,8/9/2022,Stockholm,hard,claims processing automation,CRM Platforms,Conflict Resolution,Agile Methodologies
50,Employee Performance Analysis,Retail,5/15/2022,6/25/2022,Vienna,expert,energy consumption analysis,Data Visualization,Conflict Resolution,Strategic Planning
51,Retail Demand Forecasting,Defense and Security,10/22/2022,3/25/2022,Jakarta,hard,claims processing automation,Natural Language Processing (NLP),R Programming,Presentation Skills
52,Talent Acquisition System,Manufacturing,10/21/2022,8/5/2022,Bangkok,easy,IoT optimization,UX/UI Design,Process Improvement,JavaScript
53,Renewable Energy Feasibility Study,Logistics,1/22/2022,4/22/2022,London,easy,machine learning models,Node.js,Product Management,Marketing Strategy
54,Energy Consumption Optimization,Hospitality,2/9/2022,6/5/2022,Zurich,easy,cybersecurity audit,React,Strategic Thinking,DevOps
55,Customer Support Chatbot,Venture Capital,9/11/2022,9/29/2022,Atlanta,hard,trade compliance audit,Technical Writing,Tableau,CRM Platforms
56,Cloud-Based Collaboration Platform,EduTech,2/16/2022,7/21/2022,Dubai,medium,digital transformation roadmap,Change Management,Design Thinking,DevOps
57,Cloud-Based Collaboration Platform,Energy and Utilities,9/8/2022,8/15/2022,Montreal,expert,predictive analytics tool,SAS,Leadership,Social Media Marketing
58,Cybersecurity Risk Audit,HealthTech,10/20/2022,4/2/2022,London,expert,financial forecasting models,React,Google Analytics,Negotiation
59,Trade Compliance Audit,Pharmaceuticals,12/12/2022,5/21/2022,Melbourne,expert,risk analysis,Strategic Planning,Artificial Intelligence (AI),UX/UI Design
60,IT Infrastructure Modernization,Real Estate,8/31/2022,2/27/2022,Madrid,expert,cybersecurity audit,Design Thinking,Data Analysis,Strategic Thinking
61,Enterprise Data Warehouse,Management Consulting,5/6/2022,2/26/2022,New York,easy,financial forecasting models,Technical Writing,UX/UI Design,Cybersecurity
62,Financial Forecasting Model,Consumer Goods,8/11/2022,11/9/2022,Los Angeles,medium,financial forecasting models,Supply Chain Management,Process Improvement,Competitive Analysis
63,Renewable Energy Feasibility Study,LegalTech,12/3/2022,5/22/2022,Cape Town,hard,KPI dashboard,AWS,Supply Chain Management,Web Development
64,Cybersecurity Risk Audit,Construction,9/4/2022,12/14/2022,Boston,expert,inventory management system,Cybersecurity,JavaScript,Data Analysis
65,Risk Modeling for Insurance,Law,7/16/2022,2/15/2022,London,expert,trade compliance audit,ETL Processes,Marketing Strategy,Negotiation
66,Cybersecurity Risk Audit,HealthTech,5/11/2022,1/28/2022,Seattle,easy,digital transformation roadmap,JavaScript,Technical Writing,Statistical Analysis
67,Supply Chain Optimization,Aerospace Engineering,3/8/2022,8/18/2022,Bangkok,hard,financial forecasting models,Artificial Intelligence (AI),SEO (Search Engine Optimization),SAP ERP
68,E-commerce Personalization Engine,Healthcare,7/13/2022,3/25/2022,San Francisco,hard,cloud migration,React,Design Thinking,Negotiation
69,Blockchain-Based Contract System,Finance,9/15/2022,7/21/2022,Paris,easy,fraud detection system,Process Improvement,UX/UI Design,SAS
70,Trade Compliance Audit,FinTech,2/28/2022,10/12/2022,Los Angeles,hard,data pipeline,JavaScript,Power BI,Strategic Thinking
71,Data-Driven Recruitment Strategy,Telecommunications,2/1/2022,4/1/2022,Montreal,expert,AI-based solution,Mobile App Development,Strategic Thinking,Design Thinking
72,Pricing Strategy Development,RegTech,4/9/2022,1/27/2022,Montreal,expert,cybersecurity audit,Python,Conflict Resolution,Leadership
73,Cross-Border Tax Strategy,Agriculture,5/1/2022,3/9/2022,Seattle,hard,KPI dashboard,JavaScript,SEO (Search Engine Optimization),Docker
74,Sales Pipeline Optimization,Travel and Tourism,8/19/2022,1/14/2022,Paris,expert,marketing strategy,Salesforce,Data Analysis,Technical Writing
75,Cloud-Based Collaboration Platform,Telecommunications,9/22/2022,11/16/2022,Berlin,expert,fraud detection system,Agile Methodologies,Adobe Creative Suite,Data Analysis
76,Corporate Social Responsibility Strategy,Private Equity,10/13/2022,3/21/2022,Zurich,expert,energy consumption analysis,Kubernetes,DevOps,Web Development
77,Digital Transformation Roadmap,Government,8/23/2022,2/8/2022,Tokyo,expert,risk analysis,Salesforce,Stakeholder Management,SAS
78,Cybersecurity Risk Audit,Law,5/30/2022,5/11/2022,Dubai,easy,tax strategy optimization,Negotiation,Leadership,Change Management
79,Product Launch Strategy,Defense and Security,2/24/2022,9/15/2022,Rome,expert,data warehouse,Presentation Skills,Python,Cost Optimization
80,CRM Implementation,EduTech,3/2/2022,12/27/2022,Shanghai,hard,trade compliance audit,SEO (Search Engine Optimization),Web Development,Statistical Analysis
81,Talent Acquisition System,Gaming,3/28/2022,4/21/2022,New York,hard,business process reengineering,Machine Learning,Cybersecurity,Statistical Analysis
82,Retail Demand Forecasting,Management Consulting,12/6/2022,10/19/2022,Cape Town,expert,digital transformation roadmap,Strategic Thinking,Financial Reporting,Blockchain
83,Business Process Reengineering,Education,12/27/2022,8/29/2022,Madrid,easy,fraud detection system,Supply Chain Management,Product Management,Financial Modeling
84,Product Launch Strategy,Travel and Tourism,9/17/2022,11/16/2022,Zurich,medium,AI-based solution,SQL,Kubernetes,Agile Methodologies
85,Data Pipeline for Healthcare,Gaming,1/26/2022,9/28/2022,Hong Kong,hard,predictive analytics tool,Stakeholder Management,Web Development,Kubernetes
86,Customer Retention Strategy,Transportation,5/1/2022,8/31/2022,Bangkok,medium,employee performance analysis,Stakeholder Management,JavaScript,Design Thinking
87,Predictive Analytics Implementation,Transportation,12/27/2022,5/14/2022,Seoul,easy,data pipeline,Mobile App Development,Cost Optimization,Financial Reporting
88,Sales Pipeline Optimization,Transportation,1/5/2022,8/25/2022,Rome,easy,trade compliance audit,Marketing Strategy,Conflict Resolution,Cloud Computing
89,Real Estate Portfolio Analysis,EduTech,3/10/2022,5/28/2022,Warsaw,expert,KPI dashboard,Cloud Computing,Process Improvement,SAP ERP
90,IT Infrastructure Modernization,Gaming,4/4/2022,3/14/2022,Paris,easy,pricing strategy development,Process Improvement,Cost Optimization,AWS
91,Predictive Analytics Implementation,Real Estate,8/20/2022,10/11/2022,Lisbon,easy,fraud detection system,Strategic Thinking,Natural Language Processing (NLP),Machine Learning
92,Pricing Strategy Development,Private Equity,2/17/2022,4/4/2022,London,hard,talent acquisition strategy,Cybersecurity,Artificial Intelligence (AI),Leadership
93,Manufacturing Process Automation,Food and Beverages,7/8/2022,12/30/2022,Tokyo,expert,energy consumption analysis,SAP ERP,Tableau,UX/UI Design
94,Talent Acquisition System,Finance,9/8/2022,1/18/2022,London,medium,blockchain solution,Data Engineering,Data Engineering,Agile Methodologies
95,Manufacturing Process Automation,Energy and Utilities,5/7/2022,9/7/2022,Boston,hard,inventory management system,SAS,Node.js,Design Thinking
96,Client Engagement Platform,Travel and Tourism,11/28/2022,11/20/2022,Bengaluru,medium,risk analysis,Presentation Skills,SAP ERP,Tableau
97,Digital Transformation Roadmap,Real Estate,10/25/2022,6/30/2022,Chicago,easy,employee performance analysis,Design Thinking,Python,Competitive Analysis
98,Real Estate Portfolio Analysis,Defense and Security,6/12/2022,8/9/2022,Toronto,hard,machine learning models,Adobe Creative Suite,Communication,SEO (Search Engine Optimization)
99,Client Engagement Platform,Construction,1/21/2022,8/30/2022,Berlin,easy,machine learning models,Conflict Resolution,R Programming,Agile Methodologies
100,Cloud-Based Collaboration Platform,Gaming,2/23/2022,12/23/2022,Hong Kong,expert,marketing strategy,Supply Chain Management,Cybersecurity,Adobe Creative Suite
101,Risk Assessment for Finance,Fashion,6/22/2022,9/1/2022,Brussels,expert,trade compliance audit,Artificial Intelligence (AI),Natural Language Processing (NLP),Communication
102,Workforce Management Platform,Consumer Goods,11/25/2022,11/21/2022,Stockholm,easy,cybersecurity audit,Blockchain,Technical Writing,Strategic Planning
103,Energy Consumption Optimization,Finance,4/27/2022,4/15/2022,Seattle,easy,talent acquisition strategy,Strategic Planning,CRM Platforms,SEO (Search Engine Optimization)
104,Client Engagement Platform,Venture Capital,7/10/2022,11/30/2022,Miami,medium,energy consumption analysis,SAP ERP,Negotiation,Machine Learning
105,Sales Pipeline Optimization,EduTech,11/20/2022,8/31/2022,New York,hard,claims processing automation,Mobile App Development,Stakeholder Management,Kubernetes
106,Business Process Reengineering,Telecommunications,12/12/2022,11/8/2022,Sydney,easy,risk analysis,Blockchain,R Programming,Docker
107,Cloud-Based Collaboration Platform,Aerospace Engineering,11/2/2022,1/8/2022,Montreal,expert,claims processing automation,Data Analysis,Cost Optimization,Salesforce
108,Competitive Market Analysis,Agriculture,3/6/2022,12/2/2022,Warsaw,hard,pricing strategy development,SQL,Mobile App Development,Data Visualization
109,Manufacturing Process Automation,Startups,10/2/2022,2/23/2022,Austin,easy,KPI dashboard,DevOps,CRM Platforms,Cloud Computing
110,AI Implementation for Retail,Non-Profit,5/13/2022,4/23/2022,Remote,medium,risk analysis,Negotiation,AWS,JavaScript
111,Data Pipeline for Healthcare,Biotechnology,9/16/2022,7/6/2022,New York,medium,energy consumption analysis,Leadership,DevOps,SAP ERP
112,Cloud-Based Collaboration Platform,Education,4/7/2022,4/7/2022,Vancouver,expert,inventory management system,Cost Optimization,Python,Data Engineering
113,Talent Acquisition System,Management Consulting,7/15/2022,4/21/2022,Brussels,hard,trade compliance audit,Strategic Thinking,Presentation Skills,SAP ERP
114,Omnichannel Marketing Strategy,Real Estate,5/6/2022,11/29/2022,Brussels,hard,energy consumption analysis,Strategic Thinking,Data Visualization,Data Analysis
115,Manufacturing Process Automation,Consumer Goods,2/3/2022,12/19/2022,Sydney,hard,IoT optimization,Process Improvement,Social Media Marketing,Statistical Analysis
116,Client Engagement Platform,Telecommunications,8/6/2022,1/30/2022,Vancouver,easy,business process reengineering,Leadership,Data Engineering,Process Improvement
117,Sales Pipeline Optimization,Healthcare,4/21/2022,1/1/2022,Hong Kong,expert,fraud detection system,Stakeholder Management,Power BI,UX/UI Design
118,Pricing Strategy Development,FinTech,1/15/2022,6/4/2022,Shanghai,hard,KPI dashboard,ETL Processes,Design Thinking,CRM Platforms
119,IT Infrastructure Modernization,Travel and Tourism,5/30/2022,7/29/2022,Singapore,expert,cloud migration,SQL,Tableau,Budget Management
120,Data-Driven Recruitment Strategy,LegalTech,12/29/2022,11/24/2022,Austin,easy,risk analysis,Blockchain,Financial Modeling,JavaScript
121,Supply Chain Optimization,Architecture,3/18/2022,6/30/2022,Los Angeles,easy,chatbot development,Change Management,R Programming,Cost Optimization
122,Retail Demand Forecasting,Hospitality,10/17/2022,5/17/2022,Madrid,easy,talent acquisition strategy,CRM Platforms,R Programming,Database Management
123,Cybersecurity Risk Audit,Travel and Tourism,4/11/2022,5/10/2022,Kuala Lumpur,hard,digital transformation roadmap,Marketing Strategy,Node.js,Risk Assessment
124,CRM Implementation,Defense and Security,11/27/2022,3/24/2022,London,medium,energy consumption analysis,Node.js,AWS,Risk Assessment
125,Agile Project Management Implementation,LegalTech,1/1/2022,1/12/2022,Montreal,expert,blockchain solution,CRM Platforms,Negotiation,Financial Modeling
126,Risk Assessment for Finance,Manufacturing,5/13/2022,9/9/2022,Vienna,hard,business process reengineering,Python,Adobe Creative Suite,Strategic Planning
127,Risk Modeling for Insurance,Automotive,4/7/2022,10/16/2022,Seattle,easy,pricing strategy development,Communication,Cloud Computing,SAP ERP
128,Predictive Analytics Implementation,Fashion,5/7/2022,4/12/2022,Toronto,expert,pricing strategy development,Natural Language Processing (NLP),Machine Learning,Salesforce
129,Cybersecurity Risk Audit,Insurance,4/26/2022,9/4/2022,Stockholm,easy,risk analysis,Docker,AWS,Cost Optimization
130,KPI Reporting System,Pharmaceuticals,12/11/2022,12/3/2022,Montreal,easy,financial forecasting models,Python,UX/UI Design,Cybersecurity
131,Employee Performance Analysis,Startups,2/9/2022,1/22/2022,Dublin,medium,inventory management system,Change Management,Data Analysis,Presentation Skills
132,Manufacturing Process Automation,Construction,7/11/2022,12/16/2022,Vancouver,hard,financial forecasting models,Python,Design Thinking,Power BI
133,Marketing Automation Platform,E-commerce,4/14/2022,11/5/2022,Montreal,expert,chatbot development,Tableau,AWS,Leadership
134,Customer Journey Mapping,Telecommunications,12/20/2022,2/25/2022,Atlanta,easy,cloud migration,Data Visualization,Negotiation,Adobe Creative Suite
135,Business Process Reengineering,Fashion,9/21/2022,3/28/2022,Rome,easy,energy consumption analysis,Change Management,Blockchain,Project Management
136,Cybersecurity Risk Audit,Telecommunications,9/27/2022,7/6/2022,Berlin,expert,marketing strategy,Cloud Computing,AWS,Negotiation
137,Data Visualization Dashboard,Retail,11/22/2022,12/21/2022,Atlanta,hard,KPI dashboard,Presentation Skills,JavaScript,Salesforce
138,Risk Modeling for Insurance,Research and Development,9/9/2022,3/7/2022,Onsite,easy,CRM implementation,Artificial Intelligence (AI),Supply Chain Management,Design Thinking
139,Manufacturing Process Automation,Software Engineering,3/31/2022,8/1/2022,Cape Town,hard,tax strategy optimization,Database Management,Power BI,Technical Writing
140,Pricing Strategy Development,Food and Beverages,8/17/2022,6/13/2022,Brussels,easy,KPI dashboard,Financial Modeling,SQL,Process Improvement
141,Financial Risk Mitigation Strategy,Healthcare,6/16/2022,3/6/2022,Toronto,hard,pricing strategy development,Data Analysis,Change Management,Product Management
142,Vendor Performance Evaluation,Startups,3/21/2022,12/24/2022,Chicago,expert,pricing strategy development,Kubernetes,Adobe Creative Suite,Cloud Computing
143,Real Estate Portfolio Analysis,Digital Marketing,2/23/2022,10/10/2022,Frankfurt,expert,energy consumption analysis,Database Management,SAS,Data Analysis
144,Fraud Detection System,Venture Capital,3/1/2022,2/15/2022,Frankfurt,medium,trade compliance audit,Strategic Planning,Communication,Social Media Marketing
145,Risk Modeling for Insurance,Healthcare,10/14/2022,4/24/2022,Shanghai,easy,fraud detection system,JavaScript,Financial Modeling,Salesforce
146,Social Media Analytics Tool,Management Consulting,11/6/2022,9/2/2022,Warsaw,hard,employee performance analysis,Financial Reporting,SQL,Kubernetes
147,Machine Learning Model Development,Sports and Fitness,2/17/2022,6/8/2022,Miami,expert,talent acquisition strategy,Change Management,Presentation Skills,Project Management
148,Data-Driven Recruitment Strategy,Gaming,1/24/2022,8/21/2022,Boston,expert,machine learning models,Financial Reporting,Budget Management,Presentation Skills
149,Risk Modeling for Insurance,Gaming,12/4/2022,2/23/2022,Amsterdam,expert,pricing strategy development,Machine Learning,Product Management,Conflict Resolution
150,Digital Transformation Roadmap,Digital Marketing,4/29/2022,11/29/2022,Miami,medium,marketing strategy,SAP ERP,Node.js,Strategic Planning
151,Energy Consumption Optimization,Finance,10/29/2022,10/18/2022,Kuala Lumpur,expert,inventory management system,Adobe Creative Suite,Natural Language Processing (NLP),Product Management
152,Pricing Strategy Development,Consumer Goods,4/21/2022,2/1/2022,Sydney,hard,marketing strategy,Mobile App Development,Google Analytics,Data Engineering
153,Data-Driven Recruitment Strategy,Consumer Goods,7/11/2022,4/7/2022,Shanghai,medium,data pipeline,Cost Optimization,Power BI,SQL
154,Manufacturing Process Automation,Biotechnology,11/28/2022,11/27/2022,Boston,hard,tax strategy optimization,Competitive Analysis,Google Analytics,Salesforce
155,Real Estate Portfolio Analysis,Venture Capital,11/26/2022,12/6/2022,Stockholm,easy,risk analysis,SQL,ETL Processes,Financial Reporting
156,Risk Assessment for Finance,Consumer Goods,6/29/2022,6/2/2022,Washington DC,medium,talent acquisition strategy,Competitive Analysis,Python,Node.js
157,Workforce Management Platform,Logistics,7/10/2022,6/22/2022,Hong Kong,hard,financial forecasting models,React,CRM Platforms,AWS
158,Workforce Management Platform,EduTech,12/2/2022,8/12/2022,London,medium,fraud detection system,Stakeholder Management,Natural Language Processing (NLP),Risk Assessment
159,Cloud-Based Collaboration Platform,Startups,6/27/2022,7/10/2022,San Francisco,medium,tax strategy optimization,Data Engineering,Data Analysis,SQL
160,Supply Chain Optimization,Hospitality,2/16/2022,4/30/2022,Remote,easy,data warehouse,AWS,Natural Language Processing (NLP),Tableau
161,Blockchain-Based Contract System,Real Estate,4/25/2022,4/30/2022,Montreal,medium,cybersecurity audit,DevOps,Cost Optimization,SQL
162,Competitive Market Analysis,Management Consulting,3/29/2022,3/5/2022,Shanghai,easy,real estate management system,SAS,Adobe Creative Suite,Google Analytics
163,Data Pipeline for Healthcare,Fashion,3/13/2022,5/15/2022,Singapore,hard,real estate management system,ETL Processes,Node.js,CRM Platforms
164,Inventory Management System,Finance,12/16/2022,12/25/2022,Warsaw,medium,market analysis,SEO (Search Engine Optimization),Data Visualization,Product Management
165,Financial Risk Mitigation Strategy,Energy and Utilities,9/2/2022,11/18/2022,Jakarta,medium,cybersecurity audit,DevOps,UX/UI Design,UX/UI Design
166,Data-Driven Recruitment Strategy,Oil and Gas,12/7/2022,9/23/2022,Toronto,expert,digital transformation roadmap,UX/UI Design,Python,Mobile App Development
167,AI Implementation for Retail,Defense and Security,7/10/2022,6/4/2022,Washington DC,medium,real estate management system,SEO (Search Engine Optimization),Communication,Negotiation
168,Operational Cost Reduction Plan,FinTech,12/8/2022,2/1/2022,Cape Town,easy,IoT optimization,Adobe Creative Suite,Negotiation,Cost Optimization
169,Sales Pipeline Optimization,Media and Entertainment,5/21/2022,7/26/2022,Chicago,medium,predictive analytics tool,Negotiation,SQL,Communication
170,Manufacturing Process Automation,Startups,11/17/2022,3/31/2022,Toronto,easy,AI-based solution,React,Cloud Computing,Process Improvement
171,Business Process Reengineering,Automotive,2/5/2022,9/1/2022,Chicago,expert,tax strategy optimization,R Programming,Web Development,Docker
172,Cloud Migration for Banking,FinTech,12/28/2022,1/14/2022,Bangkok,hard,inventory management system,Cybersecurity,Blockchain,Cybersecurity
173,Competitive Market Analysis,Startups,9/13/2022,10/30/2022,Stockholm,hard,energy consumption analysis,Node.js,React,Negotiation
174,Product Launch Strategy,PropTech,10/10/2022,12/20/2022,Montreal,easy,inventory management system,R Programming,Leadership,Statistical Analysis
175,Inventory Management System,Consumer Goods,10/29/2022,9/13/2022,Atlanta,expert,AI-based solution,SAS,JavaScript,Supply Chain Management
176,Risk Assessment for Finance,Oil and Gas,6/29/2022,3/27/2022,Rome,expert,data warehouse,Cost Optimization,Artificial Intelligence (AI),Financial Reporting
177,Inventory Management System,Agriculture,2/7/2022,8/26/2022,Jakarta,easy,energy consumption analysis,Data Visualization,Risk Assessment,Supply Chain Management
178,Marketing Automation Platform,Travel and Tourism,10/1/2022,8/27/2022,Chicago,medium,data warehouse,Presentation Skills,Strategic Thinking,Machine Learning
179,Corporate Social Responsibility Strategy,Fashion,9/27/2022,1/19/2022,New Delhi,medium,data pipeline,React,Agile Methodologies,CRM Platforms
180,Renewable Energy Feasibility Study,FinTech,4/25/2022,12/30/2022,London,easy,market analysis,Marketing Strategy,Agile Methodologies,Process Improvement
181,Cybersecurity Risk Audit,Insurance,1/8/2022,8/27/2022,Montreal,expert,tax strategy optimization,Adobe Creative Suite,ETL Processes,Negotiation
182,Enterprise Data Warehouse,Real Estate,5/18/2022,11/30/2022,San Francisco,medium,predictive analytics tool,SAP ERP,Communication,Negotiation
183,Retail Demand Forecasting,Sports and Fitness,1/1/2022,11/6/2022,New York,easy,predictive analytics tool,Blockchain,Risk Assessment,Power BI
184,Real Estate Portfolio Analysis,Defense and Security,5/23/2022,7/22/2022,Bangkok,easy,blockchain solution,ETL Processes,Competitive Analysis,SEO (Search Engine Optimization)
185,Competitive Market Analysis,Public Sector,11/7/2022,3/9/2022,Austin,hard,talent acquisition strategy,Financial Reporting,Docker,Financial Modeling
186,Data Visualization Dashboard,Startups,8/17/2022,10/27/2022,Vancouver,expert,real estate management system,Cost Optimization,Leadership,UX/UI Design
187,Data-Driven Recruitment Strategy,Digital Marketing,4/17/2022,11/14/2022,Tokyo,easy,business process reengineering,Docker,Blockchain,Negotiation
188,Business Process Reengineering,Healthcare,6/16/2022,1/29/2022,Dubai,hard,predictive analytics tool,Blockchain,Tableau,Cybersecurity
189,Corporate Social Responsibility Strategy,Food and Beverages,10/16/2022,3/8/2022,Sydney,hard,data warehouse,Supply Chain Management,Data Engineering,Mobile App Development
190,Retail Demand Forecasting,E-commerce,4/12/2022,6/16/2022,Lisbon,easy,blockchain solution,Cloud Computing,Technical Writing,Data Engineering
191,Data Visualization Dashboard,Automotive,4/7/2022,12/15/2022,New Delhi,medium,fraud detection system,Financial Reporting,Project Management,Statistical Analysis
192,Machine Learning Model Development,Software Engineering,2/11/2022,1/16/2022,Dublin,easy,cloud migration,ETL Processes,Product Management,Natural Language Processing (NLP)
193,IT Infrastructure Modernization,Non-Profit,4/23/2022,4/10/2022,Seoul,easy,data warehouse,JavaScript,Blockchain,Python
194,Competitive Market Analysis,Education,10/16/2022,8/7/2022,Jakarta,expert,employee performance analysis,Agile Methodologies,Statistical Analysis,Web Development
195,Renewable Energy Feasibility Study,EduTech,9/10/2022,7/14/2022,Vienna,easy,predictive analytics tool,Tableau,Design Thinking,Strategic Planning
196,Business Process Reengineering,HealthTech,2/11/2022,7/30/2022,Bengaluru,expert,cloud migration,Python,Docker,SQL
197,Marketing Automation Platform,Energy and Utilities,8/1/2022,11/1/2022,Madrid,easy,chatbot development,Presentation Skills,Web Development,Technical Writing
198,Cross-Border Tax Strategy,Education,12/28/2022,10/26/2022,Warsaw,expert,energy consumption analysis,Mobile App Development,SEO (Search Engine Optimization),Blockchain
199,Financial Risk Mitigation Strategy,Logistics,2/20/2022,5/6/2022,Boston,hard,cloud migration,Design Thinking,SAP ERP,Machine Learning
200,Renewable Energy Feasibility Study,FinTech,3/19/2022,8/26/2022,Miami,expert,cybersecurity audit,Marketing Strategy,Power BI,Process Improvement
