id,project_name,preferred_industry,start_date,end_date,Location	,difficulty,Description	,required_skill1,required_skill2,required_skill3
1,E-commerce Personalization Engine,Insurance,2024-05-30,2024-07-14,Austin,easy,business process reengineering,Technical Writing,ETL Processes,Power BI
2,Talent Acquisition System,HealthTech,2024-07-03,2024-10-16,Toronto,hard,risk analysis,Communication,UX/UI Design,React
3,Cross-Border Tax Strategy,Architecture,2024-04-09,2024-10-31,Austin,medium,AI-based solution,Data Analysis,Technical Writing,Cloud Computing
4,Digital Transformation Roadmap,Venture Capital,2024-09-10,2024-05-09,Vienna,expert,market analysis,Negotiation,Natural Language Processing (NLP),Supply Chain Management
5,Operational Cost Reduction Plan,Government,2024-06-11,2024-06-29,Frankfurt,hard,risk analysis,JavaScript,Mobile App Development,Statistical Analysis
6,Risk Modeling for Insurance,Finance,2024-01-04,2024-03-03,Vancouver,medium,trade compliance audit,Database Management,Data Analysis,Negotiation
7,Predictive Analytics Implementation,Media and Entertainment,2024-12-25,2024-02-11,Madrid,medium,AI-based solution,Communication,Blockchain,SAP ERP
8,Financial Forecasting Model,Education,2024-02-13,2024-04-09,Chicago,medium,inventory management system,Presentation Skills,Mobile App Development,SQL
9,Retail Demand Forecasting,Automotive,2024-12-05,2024-06-19,Stockholm,expert,chatbot development,Budget Management,DevOps,Artificial Intelligence (AI)
10,Enterprise Data Warehouse,Fashion,2024-05-26,2024-07-25,San Francisco,medium,CRM implementation,Natural Language Processing (NLP),UX/UI Design,Financial Modeling
11,Competitive Market Analysis,Travel and Tourism,2024-02-04,2024-10-01,Vienna,hard,business process reengineering,Conflict Resolution,Marketing Strategy,R Programming
12,E-commerce Personalization Engine,Law,2024-09-06,2024-09-01,Boston,hard,employee performance analysis,Web Development,Tableau,Change Management
13,Sales Pipeline Optimization,Venture Capital,2024-02-04,2024-10-20,Melbourne,medium,AI-based solution,Data Analysis,Tableau,AWS
14,Machine Learning Model Development,Agriculture,2024-05-22,2024-05-31,Los Angeles,medium,claims processing automation,Python,Blockchain,Database Management
15,Operational Cost Reduction Plan,Venture Capital,2024-11-16,2024-11-06,Boston,medium,risk analysis,Stakeholder Management,AWS,JavaScript
16,Employee Performance Analysis,Transportation,2024-03-22,2024-01-03,Montreal,expert,AI-based solution,Negotiation,Cost Optimization,SEO (Search Engine Optimization)
17,Retail Demand Forecasting,Construction,2024-02-22,2024-01-17,San Francisco,hard,chatbot development,Statistical Analysis,Agile Methodologies,Risk Assessment
18,CRM Implementation,Oil and Gas,2024-01-23,2024-03-06,Tokyo,medium,real estate management system,Statistical Analysis,AWS,Web Development
19,Client Engagement Platform,Real Estate,2024-08-10,2024-02-16,Rome,medium,claims processing automation,DevOps,Technical Writing,Budget Management
20,Omnichannel Marketing Strategy,Energy and Utilities,2024-03-19,2024-09-19,Tokyo,easy,claims processing automation,UX/UI Design,Google Analytics,React
21,Business Process Reengineering,Biotechnology,2024-12-07,2024-12-18,Jakarta,hard,AI-based solution,Statistical Analysis,Presentation Skills,Conflict Resolution
22,AI Implementation for Retail,Education,2024-07-06,2024-12-10,Tokyo,hard,employee performance analysis,Google Analytics,Change Management,React
23,Customer Support Chatbot,Research and Development,2024-12-12,2024-08-21,Berlin,expert,blockchain solution,Data Visualization,Risk Assessment,Statistical Analysis
24,Retail Demand Forecasting,EduTech,2024-08-18,2024-02-13,Vienna,expert,risk analysis,Artificial Intelligence (AI),Technical Writing,CRM Platforms
25,Inventory Management System,Public Sector,2024-05-04,2024-12-16,Boston,hard,KPI dashboard,Cloud Computing,Marketing Strategy,Process Improvement
26,Energy Consumption Optimization,Gaming,2024-03-25,2024-01-24,Los Angeles,medium,energy consumption analysis,Artificial Intelligence (AI),Communication,Agile Methodologies
27,E-commerce Personalization Engine,Agriculture,2024-03-30,2024-05-02,Singapore,expert,chatbot development,Communication,Project Management,Leadership
28,Trade Compliance Audit,Oil and Gas,2024-12-17,2024-12-02,Dublin,medium,talent acquisition strategy,Blockchain,Conflict Resolution,Web Development
29,Predictive Analytics Implementation,Sports and Fitness,2024-07-28,2024-02-07,Madrid,hard,KPI dashboard,Tableau,Communication,Statistical Analysis
30,Cloud-Based Collaboration Platform,Hospitality,2024-09-13,2024-06-18,Chicago,expert,inventory management system,Change Management,Machine Learning,Artificial Intelligence (AI)
31,Business Process Reengineering,Management Consulting,2024-09-03,2024-11-14,Kuala Lumpur,expert,claims processing automation,R Programming,Adobe Creative Suite,Cybersecurity
32,Customer Lifetime Value Analysis,Government,2024-04-03,2024-06-16,Hybrid,expert,talent acquisition strategy,Technical Writing,Negotiation,JavaScript
33,IT Infrastructure Modernization,Gaming,2024-10-17,2024-08-19,Dubai,medium,KPI dashboard,Project Management,Presentation Skills,Data Analysis
34,Social Media Analytics Tool,Telecommunications,2024-11-30,2024-09-01,Tokyo,medium,digital transformation roadmap,Change Management,Supply Chain Management,R Programming
35,Financial Risk Mitigation Strategy,HealthTech,2024-01-17,2024-03-18,Onsite,expert,cybersecurity audit,Stakeholder Management,Project Management,Blockchain
36,Supply Chain Optimization,E-commerce,2024-03-10,2024-03-03,Washington DC,hard,tax strategy optimization,Agile Methodologies,Database Management,Marketing Strategy
37,Financial Forecasting Model,Consumer Goods,2024-10-25,2024-08-02,Zurich,easy,data warehouse,Database Management,Artificial Intelligence (AI),Cybersecurity
38,Customer Lifetime Value Analysis,Education,2024-05-21,2024-03-07,New York,medium,business process reengineering,Cloud Computing,Strategic Thinking,CRM Platforms
39,Cross-Border Tax Strategy,Gaming,2024-07-11,2024-09-21,Onsite,easy,pricing strategy development,Salesforce,SEO (Search Engine Optimization),Negotiation
40,E-commerce Personalization Engine,PropTech,2024-08-29,2024-04-03,San Francisco,easy,market analysis,Mobile App Development,SAS,Product Management
41,KPI Reporting System,Fashion,2024-06-01,2024-03-03,Singapore,expert,energy consumption analysis,Change Management,Marketing Strategy,ETL Processes
42,IT Infrastructure Modernization,PropTech,2024-09-24,2024-04-14,Melbourne,expert,predictive analytics tool,Process Improvement,Docker,Database Management
43,Risk Modeling for Insurance,Telecommunications,2024-07-30,2024-08-07,Onsite,easy,real estate management system,Strategic Thinking,SAP ERP,Kubernetes
44,CRM Implementation,Research and Development,2024-03-21,2024-09-05,Remote,medium,KPI dashboard,Node.js,Financial Modeling,ETL Processes
45,Pricing Strategy Development,Construction,2024-05-16,2024-03-24,Jakarta,expert,CRM implementation,Communication,Adobe Creative Suite,Tableau
46,Cybersecurity Risk Audit,Hospitality,2024-07-27,2024-07-04,Lisbon,hard,real estate management system,Salesforce,Google Analytics,Strategic Planning
47,Talent Acquisition System,Software Engineering,2024-06-25,2024-04-29,Atlanta,medium,CRM implementation,Budget Management,Project Management,Presentation Skills
48,Cybersecurity Risk Audit,Startups,2024-08-11,2024-08-19,Brussels,expert,CRM implementation,Stakeholder Management,AWS,Salesforce
49,Energy Consumption Optimization,Law,2024-02-22,2024-08-09,Stockholm,hard,claims processing automation,CRM Platforms,Conflict Resolution,Agile Methodologies
50,Employee Performance Analysis,Retail,2024-05-15,2024-06-25,Vienna,expert,energy consumption analysis,Data Visualization,Conflict Resolution,Strategic Planning
51,Retail Demand Forecasting,Defense and Security,2024-10-22,2024-03-25,Jakarta,hard,claims processing automation,Natural Language Processing (NLP),R Programming,Presentation Skills
52,Talent Acquisition System,Manufacturing,2024-10-21,2024-08-05,Bangkok,easy,IoT optimization,UX/UI Design,Process Improvement,JavaScript
53,Renewable Energy Feasibility Study,Logistics,2024-01-22,2024-04-22,London,easy,machine learning models,Node.js,Product Management,Marketing Strategy
54,Energy Consumption Optimization,Hospitality,2024-02-09,2024-06-05,Zurich,easy,cybersecurity audit,React,Strategic Thinking,DevOps
55,Customer Support Chatbot,Venture Capital,2024-09-11,2024-09-29,Atlanta,hard,trade compliance audit,Technical Writing,Tableau,CRM Platforms
56,Cloud-Based Collaboration Platform,EduTech,2024-02-16,2024-07-21,Dubai,medium,digital transformation roadmap,Change Management,Design Thinking,DevOps
57,Cloud-Based Collaboration Platform,Energy and Utilities,2024-09-08,2024-08-15,Montreal,expert,predictive analytics tool,SAS,Leadership,Social Media Marketing
58,Cybersecurity Risk Audit,HealthTech,2024-10-20,2024-04-02,London,expert,financial forecasting models,React,Google Analytics,Negotiation
59,Trade Compliance Audit,Pharmaceuticals,2024-12-12,2024-05-21,Melbourne,expert,risk analysis,Strategic Planning,Artificial Intelligence (AI),UX/UI Design
60,IT Infrastructure Modernization,Real Estate,2024-08-31,2024-02-27,Madrid,expert,cybersecurity audit,Design Thinking,Data Analysis,Strategic Thinking
61,Enterprise Data Warehouse,Management Consulting,2024-05-06,2024-02-26,New York,easy,financial forecasting models,Technical Writing,UX/UI Design,Cybersecurity
62,Financial Forecasting Model,Consumer Goods,2024-08-11,2024-11-09,Los Angeles,medium,financial forecasting models,Supply Chain Management,Process Improvement,Competitive Analysis
63,Renewable Energy Feasibility Study,LegalTech,2024-12-03,2024-05-22,Cape Town,hard,KPI dashboard,AWS,Supply Chain Management,Web Development
64,Cybersecurity Risk Audit,Construction,2024-09-04,2024-12-14,Boston,expert,inventory management system,Cybersecurity,JavaScript,Data Analysis
65,Risk Modeling for Insurance,Law,2024-07-16,2024-02-15,London,expert,trade compliance audit,ETL Processes,Marketing Strategy,Negotiation
66,Cybersecurity Risk Audit,HealthTech,2024-05-11,2024-01-28,Seattle,easy,digital transformation roadmap,JavaScript,Technical Writing,Statistical Analysis
67,Supply Chain Optimization,Aerospace Engineering,2024-03-08,2024-08-18,Bangkok,hard,financial forecasting models,Artificial Intelligence (AI),SEO (Search Engine Optimization),SAP ERP
68,E-commerce Personalization Engine,Healthcare,2024-07-13,2024-03-25,San Francisco,hard,cloud migration,React,Design Thinking,Negotiation
69,Blockchain-Based Contract System,Finance,2024-09-15,2024-07-21,Paris,easy,fraud detection system,Process Improvement,UX/UI Design,SAS
70,Trade Compliance Audit,FinTech,2024-02-28,2024-10-12,Los Angeles,hard,data pipeline,JavaScript,Power BI,Strategic Thinking
71,Data-Driven Recruitment Strategy,Telecommunications,2024-02-01,2024-04-01,Montreal,expert,AI-based solution,Mobile App Development,Strategic Thinking,Design Thinking
72,Pricing Strategy Development,RegTech,2024-04-09,2024-01-27,Montreal,expert,cybersecurity audit,Python,Conflict Resolution,Leadership
73,Cross-Border Tax Strategy,Agriculture,2024-05-01,2024-03-09,Seattle,hard,KPI dashboard,JavaScript,SEO (Search Engine Optimization),Docker
74,Sales Pipeline Optimization,Travel and Tourism,2024-08-19,2024-01-14,Paris,expert,marketing strategy,Salesforce,Data Analysis,Technical Writing
75,Cloud-Based Collaboration Platform,Telecommunications,2024-09-22,2024-11-16,Berlin,expert,fraud detection system,Agile Methodologies,Adobe Creative Suite,Data Analysis
76,Corporate Social Responsibility Strategy,Private Equity,2024-10-13,2024-03-21,Zurich,expert,energy consumption analysis,Kubernetes,DevOps,Web Development
77,Digital Transformation Roadmap,Government,2024-08-23,2024-02-08,Tokyo,expert,risk analysis,Salesforce,Stakeholder Management,SAS
78,Cybersecurity Risk Audit,Law,2024-05-30,2024-05-11,Dubai,easy,tax strategy optimization,Negotiation,Leadership,Change Management
79,Product Launch Strategy,Defense and Security,2024-02-24,2024-09-15,Rome,expert,data warehouse,Presentation Skills,Python,Cost Optimization
80,CRM Implementation,EduTech,2024-03-02,2024-12-27,Shanghai,hard,trade compliance audit,SEO (Search Engine Optimization),Web Development,Statistical Analysis
81,Talent Acquisition System,Gaming,2024-03-28,2024-04-21,New York,hard,business process reengineering,Machine Learning,Cybersecurity,Statistical Analysis
82,Retail Demand Forecasting,Management Consulting,2024-12-06,2024-10-19,Cape Town,expert,digital transformation roadmap,Strategic Thinking,Financial Reporting,Blockchain
83,Business Process Reengineering,Education,2024-12-27,2024-08-29,Madrid,easy,fraud detection system,Supply Chain Management,Product Management,Financial Modeling
84,Product Launch Strategy,Travel and Tourism,2024-09-17,2024-11-16,Zurich,medium,AI-based solution,SQL,Kubernetes,Agile Methodologies
85,Data Pipeline for Healthcare,Gaming,2024-01-26,2024-09-28,Hong Kong,hard,predictive analytics tool,Stakeholder Management,Web Development,Kubernetes
86,Customer Retention Strategy,Transportation,2024-05-01,2024-08-31,Bangkok,medium,employee performance analysis,Stakeholder Management,JavaScript,Design Thinking
87,Predictive Analytics Implementation,Transportation,2024-12-27,2024-05-14,Seoul,easy,data pipeline,Mobile App Development,Cost Optimization,Financial Reporting
88,Sales Pipeline Optimization,Transportation,2024-01-05,2024-08-25,Rome,easy,trade compliance audit,Marketing Strategy,Conflict Resolution,Cloud Computing
89,Real Estate Portfolio Analysis,EduTech,2024-03-10,2024-05-28,Warsaw,expert,KPI dashboard,Cloud Computing,Process Improvement,SAP ERP
90,IT Infrastructure Modernization,Gaming,2024-04-04,2024-03-14,Paris,easy,pricing strategy development,Process Improvement,Cost Optimization,AWS
91,Predictive Analytics Implementation,Real Estate,2024-08-20,2024-10-11,Lisbon,easy,fraud detection system,Strategic Thinking,Natural Language Processing (NLP),Machine Learning
92,Pricing Strategy Development,Private Equity,2024-02-17,2024-04-04,London,hard,talent acquisition strategy,Cybersecurity,Artificial Intelligence (AI),Leadership
93,Manufacturing Process Automation,Food and Beverages,2024-07-08,2024-12-30,Tokyo,expert,energy consumption analysis,SAP ERP,Tableau,UX/UI Design
94,Talent Acquisition System,Finance,2024-09-08,2024-01-18,London,medium,blockchain solution,Data Engineering,Data Engineering,Agile Methodologies
95,Manufacturing Process Automation,Energy and Utilities,2024-05-07,2024-09-07,Boston,hard,inventory management system,SAS,Node.js,Design Thinking
96,Client Engagement Platform,Travel and Tourism,2024-11-28,2024-11-20,Bengaluru,medium,risk analysis,Presentation Skills,SAP ERP,Tableau
97,Digital Transformation Roadmap,Real Estate,2024-10-25,2024-06-30,Chicago,easy,employee performance analysis,Design Thinking,Python,Competitive Analysis
98,Real Estate Portfolio Analysis,Defense and Security,2024-06-12,2024-08-09,Toronto,hard,machine learning models,Adobe Creative Suite,Communication,SEO (Search Engine Optimization)
99,Client Engagement Platform,Construction,2024-01-21,2024-08-30,Berlin,easy,machine learning models,Conflict Resolution,R Programming,Agile Methodologies
100,Cloud-Based Collaboration Platform,Gaming,2024-02-23,2024-12-23,Hong Kong,expert,marketing strategy,Supply Chain Management,Cybersecurity,Adobe Creative Suite
101,Risk Assessment for Finance,Fashion,2024-06-22,2024-09-01,Brussels,expert,trade compliance audit,Artificial Intelligence (AI),Natural Language Processing (NLP),Communication
102,Workforce Management Platform,Consumer Goods,2024-11-25,2024-11-21,Stockholm,easy,cybersecurity audit,Blockchain,Technical Writing,Strategic Planning
103,Energy Consumption Optimization,Finance,2024-04-27,2024-04-15,Seattle,easy,talent acquisition strategy,Strategic Planning,CRM Platforms,SEO (Search Engine Optimization)
104,Client Engagement Platform,Venture Capital,2024-07-10,2024-11-30,Miami,medium,energy consumption analysis,SAP ERP,Negotiation,Machine Learning
105,Sales Pipeline Optimization,EduTech,2024-11-20,2024-08-31,New York,hard,claims processing automation,Mobile App Development,Stakeholder Management,Kubernetes
106,Business Process Reengineering,Telecommunications,2024-12-12,2024-11-08,Sydney,easy,risk analysis,Blockchain,R Programming,Docker
107,Cloud-Based Collaboration Platform,Aerospace Engineering,2024-11-02,2024-01-08,Montreal,expert,claims processing automation,Data Analysis,Cost Optimization,Salesforce
108,Competitive Market Analysis,Agriculture,2024-03-06,2024-12-02,Warsaw,hard,pricing strategy development,SQL,Mobile App Development,Data Visualization
109,Manufacturing Process Automation,Startups,2024-10-02,2024-02-23,Austin,easy,KPI dashboard,DevOps,CRM Platforms,Cloud Computing
110,AI Implementation for Retail,Non-Profit,2024-05-13,2024-04-23,Remote,medium,risk analysis,Negotiation,AWS,JavaScript
111,Data Pipeline for Healthcare,Biotechnology,2024-09-16,2024-07-06,New York,medium,energy consumption analysis,Leadership,DevOps,SAP ERP
112,Cloud-Based Collaboration Platform,Education,2024-04-07,2024-04-07,Vancouver,expert,inventory management system,Cost Optimization,Python,Data Engineering
113,Talent Acquisition System,Management Consulting,2024-07-15,2024-04-21,Brussels,hard,trade compliance audit,Strategic Thinking,Presentation Skills,SAP ERP
114,Omnichannel Marketing Strategy,Real Estate,2024-05-06,2024-11-29,Brussels,hard,energy consumption analysis,Strategic Thinking,Data Visualization,Data Analysis
115,Manufacturing Process Automation,Consumer Goods,2024-02-03,2024-12-19,Sydney,hard,IoT optimization,Process Improvement,Social Media Marketing,Statistical Analysis
116,Client Engagement Platform,Telecommunications,2024-08-06,2024-01-30,Vancouver,easy,business process reengineering,Leadership,Data Engineering,Process Improvement
117,Sales Pipeline Optimization,Healthcare,2024-04-21,2024-01-01,Hong Kong,expert,fraud detection system,Stakeholder Management,Power BI,UX/UI Design
118,Pricing Strategy Development,FinTech,2024-01-15,2024-06-04,Shanghai,hard,KPI dashboard,ETL Processes,Design Thinking,CRM Platforms
119,IT Infrastructure Modernization,Travel and Tourism,2024-05-30,2024-07-29,Singapore,expert,cloud migration,SQL,Tableau,Budget Management
120,Data-Driven Recruitment Strategy,LegalTech,2024-12-29,2024-11-24,Austin,easy,risk analysis,Blockchain,Financial Modeling,JavaScript
121,Supply Chain Optimization,Architecture,2024-03-18,2024-06-30,Los Angeles,easy,chatbot development,Change Management,R Programming,Cost Optimization
122,Retail Demand Forecasting,Hospitality,2024-10-17,2024-05-17,Madrid,easy,talent acquisition strategy,CRM Platforms,R Programming,Database Management
123,Cybersecurity Risk Audit,Travel and Tourism,2024-04-11,2024-05-10,Kuala Lumpur,hard,digital transformation roadmap,Marketing Strategy,Node.js,Risk Assessment
124,CRM Implementation,Defense and Security,2024-11-27,2024-03-24,London,medium,energy consumption analysis,Node.js,AWS,Risk Assessment
125,Agile Project Management Implementation,LegalTech,2024-01-01,2024-01-12,Montreal,expert,blockchain solution,CRM Platforms,Negotiation,Financial Modeling
126,Risk Assessment for Finance,Manufacturing,2024-05-13,2024-09-09,Vienna,hard,business process reengineering,Python,Adobe Creative Suite,Strategic Planning
127,Risk Modeling for Insurance,Automotive,2024-04-07,2024-10-16,Seattle,easy,pricing strategy development,Communication,Cloud Computing,SAP ERP
128,Predictive Analytics Implementation,Fashion,2024-05-07,2024-04-12,Toronto,expert,pricing strategy development,Natural Language Processing (NLP),Machine Learning,Salesforce
129,Cybersecurity Risk Audit,Insurance,2024-04-26,2024-09-04,Stockholm,easy,risk analysis,Docker,AWS,Cost Optimization
130,KPI Reporting System,Pharmaceuticals,2024-12-11,2024-12-03,Montreal,easy,financial forecasting models,Python,UX/UI Design,Cybersecurity
131,Employee Performance Analysis,Startups,2024-02-09,2024-01-22,Dublin,medium,inventory management system,Change Management,Data Analysis,Presentation Skills
132,Manufacturing Process Automation,Construction,2024-07-11,2024-12-16,Vancouver,hard,financial forecasting models,Python,Design Thinking,Power BI
133,Marketing Automation Platform,E-commerce,2024-04-14,2024-11-05,Montreal,expert,chatbot development,Tableau,AWS,Leadership
134,Customer Journey Mapping,Telecommunications,2024-12-20,2024-02-25,Atlanta,easy,cloud migration,Data Visualization,Negotiation,Adobe Creative Suite
135,Business Process Reengineering,Fashion,2024-09-21,2024-03-28,Rome,easy,energy consumption analysis,Change Management,Blockchain,Project Management
136,Cybersecurity Risk Audit,Telecommunications,2024-09-27,2024-07-06,Berlin,expert,marketing strategy,Cloud Computing,AWS,Negotiation
137,Data Visualization Dashboard,Retail,2024-11-22,2024-12-21,Atlanta,hard,KPI dashboard,Presentation Skills,JavaScript,Salesforce
138,Risk Modeling for Insurance,Research and Development,2024-09-09,2024-03-07,Onsite,easy,CRM implementation,Artificial Intelligence (AI),Supply Chain Management,Design Thinking
139,Manufacturing Process Automation,Software Engineering,2024-03-31,2024-08-01,Cape Town,hard,tax strategy optimization,Database Management,Power BI,Technical Writing
140,Pricing Strategy Development,Food and Beverages,2024-08-17,2024-06-13,Brussels,easy,KPI dashboard,Financial Modeling,SQL,Process Improvement
141,Financial Risk Mitigation Strategy,Healthcare,2024-06-16,2024-03-06,Toronto,hard,pricing strategy development,Data Analysis,Change Management,Product Management
142,Vendor Performance Evaluation,Startups,2024-03-21,2024-12-24,Chicago,expert,pricing strategy development,Kubernetes,Adobe Creative Suite,Cloud Computing
143,Real Estate Portfolio Analysis,Digital Marketing,2024-02-23,2024-10-10,Frankfurt,expert,energy consumption analysis,Database Management,SAS,Data Analysis
144,Fraud Detection System,Venture Capital,2024-03-01,2024-02-15,Frankfurt,medium,trade compliance audit,Strategic Planning,Communication,Social Media Marketing
145,Risk Modeling for Insurance,Healthcare,2024-10-14,2024-04-24,Shanghai,easy,fraud detection system,JavaScript,Financial Modeling,Salesforce
146,Social Media Analytics Tool,Management Consulting,2024-11-06,2024-09-02,Warsaw,hard,employee performance analysis,Financial Reporting,SQL,Kubernetes
147,Machine Learning Model Development,Sports and Fitness,2024-02-17,2024-06-08,Miami,expert,talent acquisition strategy,Change Management,Presentation Skills,Project Management
148,Data-Driven Recruitment Strategy,Gaming,2024-01-24,2024-08-21,Boston,expert,machine learning models,Financial Reporting,Budget Management,Presentation Skills
149,Risk Modeling for Insurance,Gaming,2024-12-04,2024-02-23,Amsterdam,expert,pricing strategy development,Machine Learning,Product Management,Conflict Resolution
150,Digital Transformation Roadmap,Digital Marketing,2024-04-29,2024-11-29,Miami,medium,marketing strategy,SAP ERP,Node.js,Strategic Planning
151,Energy Consumption Optimization,Finance,2024-10-29,2024-10-18,Kuala Lumpur,expert,inventory management system,Adobe Creative Suite,Natural Language Processing (NLP),Product Management
152,Pricing Strategy Development,Consumer Goods,2024-04-21,2024-02-01,Sydney,hard,marketing strategy,Mobile App Development,Google Analytics,Data Engineering
153,Data-Driven Recruitment Strategy,Consumer Goods,2024-07-11,2024-04-07,Shanghai,medium,data pipeline,Cost Optimization,Power BI,SQL
154,Manufacturing Process Automation,Biotechnology,2024-11-28,2024-11-27,Boston,hard,tax strategy optimization,Competitive Analysis,Google Analytics,Salesforce
155,Real Estate Portfolio Analysis,Venture Capital,2024-11-26,2024-12-06,Stockholm,easy,risk analysis,SQL,ETL Processes,Financial Reporting
156,Risk Assessment for Finance,Consumer Goods,2024-06-29,2024-06-02,Washington DC,medium,talent acquisition strategy,Competitive Analysis,Python,Node.js
157,Workforce Management Platform,Logistics,2024-07-10,2024-06-22,Hong Kong,hard,financial forecasting models,React,CRM Platforms,AWS
158,Workforce Management Platform,EduTech,2024-12-02,2024-08-12,London,medium,fraud detection system,Stakeholder Management,Natural Language Processing (NLP),Risk Assessment
159,Cloud-Based Collaboration Platform,Startups,2024-06-27,2024-07-10,San Francisco,medium,tax strategy optimization,Data Engineering,Data Analysis,SQL
160,Supply Chain Optimization,Hospitality,2024-02-16,2024-04-30,Remote,easy,data warehouse,AWS,Natural Language Processing (NLP),Tableau
161,Blockchain-Based Contract System,Real Estate,2024-04-25,2024-04-30,Montreal,medium,cybersecurity audit,DevOps,Cost Optimization,SQL
162,Competitive Market Analysis,Management Consulting,2024-03-29,2024-03-05,Shanghai,easy,real estate management system,SAS,Adobe Creative Suite,Google Analytics
163,Data Pipeline for Healthcare,Fashion,2024-03-13,2024-05-15,Singapore,hard,real estate management system,ETL Processes,Node.js,CRM Platforms
164,Inventory Management System,Finance,2024-12-16,2024-12-25,Warsaw,medium,market analysis,SEO (Search Engine Optimization),Data Visualization,Product Management
165,Financial Risk Mitigation Strategy,Energy and Utilities,2024-09-02,2024-11-18,Jakarta,medium,cybersecurity audit,DevOps,UX/UI Design,UX/UI Design
166,Data-Driven Recruitment Strategy,Oil and Gas,2024-12-07,2024-09-23,Toronto,expert,digital transformation roadmap,UX/UI Design,Python,Mobile App Development
167,AI Implementation for Retail,Defense and Security,2024-07-10,2024-06-04,Washington DC,medium,real estate management system,SEO (Search Engine Optimization),Communication,Negotiation
168,Operational Cost Reduction Plan,FinTech,2024-12-08,2024-02-01,Cape Town,easy,IoT optimization,Adobe Creative Suite,Negotiation,Cost Optimization
169,Sales Pipeline Optimization,Media and Entertainment,2024-05-21,2024-07-26,Chicago,medium,predictive analytics tool,Negotiation,SQL,Communication
170,Manufacturing Process Automation,Startups,2024-11-17,2024-03-31,Toronto,easy,AI-based solution,React,Cloud Computing,Process Improvement
171,Business Process Reengineering,Automotive,2024-02-05,2024-09-01,Chicago,expert,tax strategy optimization,R Programming,Web Development,Docker
172,Cloud Migration for Banking,FinTech,2024-12-28,2024-01-14,Bangkok,hard,inventory management system,Cybersecurity,Blockchain,Cybersecurity
173,Competitive Market Analysis,Startups,2024-09-13,2024-10-30,Stockholm,hard,energy consumption analysis,Node.js,React,Negotiation
174,Product Launch Strategy,PropTech,2024-10-10,2024-12-20,Montreal,easy,inventory management system,R Programming,Leadership,Statistical Analysis
175,Inventory Management System,Consumer Goods,2024-10-29,2024-09-13,Atlanta,expert,AI-based solution,SAS,JavaScript,Supply Chain Management
176,Risk Assessment for Finance,Oil and Gas,2024-06-29,2024-03-27,Rome,expert,data warehouse,Cost Optimization,Artificial Intelligence (AI),Financial Reporting
177,Inventory Management System,Agriculture,2024-02-07,2024-08-26,Jakarta,easy,energy consumption analysis,Data Visualization,Risk Assessment,Supply Chain Management
178,Marketing Automation Platform,Travel and Tourism,2024-10-01,2024-08-27,Chicago,medium,data warehouse,Presentation Skills,Strategic Thinking,Machine Learning
179,Corporate Social Responsibility Strategy,Fashion,2024-09-27,2024-01-19,New Delhi,medium,data pipeline,React,Agile Methodologies,CRM Platforms
180,Renewable Energy Feasibility Study,FinTech,2024-04-25,2024-12-30,London,easy,market analysis,Marketing Strategy,Agile Methodologies,Process Improvement
181,Cybersecurity Risk Audit,Insurance,2024-01-08,2024-08-27,Montreal,expert,tax strategy optimization,Adobe Creative Suite,ETL Processes,Negotiation
182,Enterprise Data Warehouse,Real Estate,2024-05-18,2024-11-30,San Francisco,medium,predictive analytics tool,SAP ERP,Communication,Negotiation
183,Retail Demand Forecasting,Sports and Fitness,2024-01-01,2024-11-06,New York,easy,predictive analytics tool,Blockchain,Risk Assessment,Power BI
184,Real Estate Portfolio Analysis,Defense and Security,2024-05-23,2024-07-22,Bangkok,easy,blockchain solution,ETL Processes,Competitive Analysis,SEO (Search Engine Optimization)
185,Competitive Market Analysis,Public Sector,2024-11-07,2024-03-09,Austin,hard,talent acquisition strategy,Financial Reporting,Docker,Financial Modeling
186,Data Visualization Dashboard,Startups,2024-08-17,2024-10-27,Vancouver,expert,real estate management system,Cost Optimization,Leadership,UX/UI Design
187,Data-Driven Recruitment Strategy,Digital Marketing,2024-04-17,2024-11-14,Tokyo,easy,business process reengineering,Docker,Blockchain,Negotiation
188,Business Process Reengineering,Healthcare,2024-06-16,2024-01-29,Dubai,hard,predictive analytics tool,Blockchain,Tableau,Cybersecurity
189,Corporate Social Responsibility Strategy,Food and Beverages,2024-10-16,2024-03-08,Sydney,hard,data warehouse,Supply Chain Management,Data Engineering,Mobile App Development
190,Retail Demand Forecasting,E-commerce,2024-04-12,2024-06-16,Lisbon,easy,blockchain solution,Cloud Computing,Technical Writing,Data Engineering
191,Data Visualization Dashboard,Automotive,2024-04-07,2024-12-15,New Delhi,medium,fraud detection system,Financial Reporting,Project Management,Statistical Analysis
192,Machine Learning Model Development,Software Engineering,2024-02-11,2024-01-16,Dublin,easy,cloud migration,ETL Processes,Product Management,Natural Language Processing (NLP)
193,IT Infrastructure Modernization,Non-Profit,2024-04-23,2024-04-10,Seoul,easy,data warehouse,JavaScript,Blockchain,Python
194,Competitive Market Analysis,Education,2024-10-16,2024-08-07,Jakarta,expert,employee performance analysis,Agile Methodologies,Statistical Analysis,Web Development
195,Renewable Energy Feasibility Study,EduTech,2024-09-10,2024-07-14,Vienna,easy,predictive analytics tool,Tableau,Design Thinking,Strategic Planning
196,Business Process Reengineering,HealthTech,2024-02-11,2024-07-30,Bengaluru,expert,cloud migration,Python,Docker,SQL
197,Marketing Automation Platform,Energy and Utilities,2024-08-01,2024-11-01,Madrid,easy,chatbot development,Presentation Skills,Web Development,Technical Writing
198,Cross-Border Tax Strategy,Education,2024-12-28,2024-10-26,Warsaw,expert,energy consumption analysis,Mobile App Development,SEO (Search Engine Optimization),Blockchain
199,Financial Risk Mitigation Strategy,Logistics,2024-02-20,2024-05-06,Boston,hard,cloud migration,Design Thinking,SAP ERP,Machine Learning
200,Renewable Energy Feasibility Study,FinTech,2024-03-19,2024-08-26,Miami,expert,cybersecurity audit,Marketing Strategy,Power BI,Process Improvement
